[{"name":"slate","colors":[{"colorName":"50","colorValue":"hsl(210, 40%, 98%)"},{"colorName":"100","colorValue":"hsl(210, 40%, 96.1%)"},{"colorName":"200","colorValue":"hsl(214, 31.8%, 91.4%)"},{"colorName":"300","colorValue":"hsl(213, 26.8%, 83.9%)"},{"colorName":"400","colorValue":"hsl(215, 20.2%, 65.1%)"},{"colorName":"500","colorValue":"hsl(215, 16.3%, 46.9%)"},{"colorName":"600","colorValue":"hsl(215, 19.3%, 34.5%)"},{"colorName":"700","colorValue":"hsl(215, 25%, 26.7%)"},{"colorName":"800","colorValue":"hsl(217, 32.6%, 17.5%)"},{"colorName":"900","colorValue":"hsl(222, 47.4%, 11.2%)"}]},{"name":"gray","colors":[{"colorName":"50","colorValue":"hsl(210, 20%, 98%)"},{"colorName":"100","colorValue":"hsl(220, 14.3%, 95.9%)"},{"colorName":"200","colorValue":"hsl(220, 13%, 91%)"},{"colorName":"300","colorValue":"hsl(216, 12.2%, 83.9%)"},{"colorName":"400","colorValue":"hsl(218, 10.6%, 64.9%)"},{"colorName":"500","colorValue":"hsl(220, 8.9%, 46.1%)"},{"colorName":"600","colorValue":"hsl(215, 13.8%, 34.1%)"},{"colorName":"700","colorValue":"hsl(217, 19.1%, 26.7%)"},{"colorName":"800","colorValue":"hsl(215, 27.9%, 16.9%)"},{"colorName":"900","colorValue":"hsl(221, 39.3%, 11%)"}]},{"name":"zinc","colors":[{"colorName":"50","colorValue":"hsl(0, 0%, 98%)"},{"colorName":"100","colorValue":"hsl(240, 4.8%, 95.9%)"},{"colorName":"200","colorValue":"hsl(240, 5.9%, 90%)"},{"colorName":"300","colorValue":"hsl(240, 4.9%, 83.9%)"},{"colorName":"400","colorValue":"hsl(240, 5%, 64.9%)"},{"colorName":"500","colorValue":"hsl(240, 3.8%, 46.1%)"},{"colorName":"600","colorValue":"hsl(240, 5.2%, 33.9%)"},{"colorName":"700","colorValue":"hsl(240, 5.3%, 26.1%)"},{"colorName":"800","colorValue":"hsl(240, 3.7%, 15.9%)"},{"colorName":"900","colorValue":"hsl(240, 5.9%, 10%)"}]},{"name":"neutral","colors":[{"colorName":"50","colorValue":"hsl(0, 0%, 98%)"},{"colorName":"100","colorValue":"hsl(0, 0%, 96.1%)"},{"colorName":"200","colorValue":"hsl(0, 0%, 89.8%)"},{"colorName":"300","colorValue":"hsl(0, 0%, 83.1%)"},{"colorName":"400","colorValue":"hsl(0, 0%, 63.9%)"},{"colorName":"500","colorValue":"hsl(0, 0%, 45.1%)"},{"colorName":"600","colorValue":"hsl(0, 0%, 32.2%)"},{"colorName":"700","colorValue":"hsl(0, 0%, 25.1%)"},{"colorName":"800","colorValue":"hsl(0, 0%, 14.9%)"},{"colorName":"900","colorValue":"hsl(0, 0%, 9%)"}]},{"name":"stone","colors":[{"colorName":"50","colorValue":"hsl(60, 9.1%, 97.8%)"},{"colorName":"100","colorValue":"hsl(60, 4.8%, 95.9%)"},{"colorName":"200","colorValue":"hsl(20, 5.9%, 90%)"},{"colorName":"300","colorValue":"hsl(24, 5.7%, 82.9%)"},{"colorName":"400","colorValue":"hsl(24, 5.4%, 63.9%)"},{"colorName":"500","colorValue":"hsl(25, 5.3%, 44.7%)"},{"colorName":"600","colorValue":"hsl(33, 5.5%, 32.4%)"},{"colorName":"700","colorValue":"hsl(30, 6.3%, 25.1%)"},{"colorName":"800","colorValue":"hsl(12, 6.5%, 15.1%)"},{"colorName":"900","colorValue":"hsl(24, 9.8%, 10%)"}]},{"name":"red","colors":[{"colorName":"50","colorValue":"hsl(0, 85.7%, 97.3%)"},{"colorName":"100","colorValue":"hsl(0, 93.3%, 94.1%)"},{"colorName":"200","colorValue":"hsl(0, 96.3%, 89.4%)"},{"colorName":"300","colorValue":"hsl(0, 93.5%, 81.8%)"},{"colorName":"400","colorValue":"hsl(0, 90.6%, 70.8%)"},{"colorName":"500","colorValue":"hsl(0, 84.2%, 60.2%)"},{"colorName":"600","colorValue":"hsl(0, 72.2%, 50.6%)"},{"colorName":"700","colorValue":"hsl(0, 73.7%, 41.8%)"},{"colorName":"800","colorValue":"hsl(0, 70%, 35.3%)"},{"colorName":"900","colorValue":"hsl(0, 62.8%, 30.6%)"}]},{"name":"orange","colors":[{"colorName":"50","colorValue":"hsl(33, 100%, 96.5%)"},{"colorName":"100","colorValue":"hsl(34, 100%, 91.8%)"},{"colorName":"200","colorValue":"hsl(32, 97.7%, 83.1%)"},{"colorName":"300","colorValue":"hsl(31, 97.2%, 72.4%)"},{"colorName":"400","colorValue":"hsl(27, 96%, 61%)"},{"colorName":"500","colorValue":"hsl(25, 95%, 53.1%)"},{"colorName":"600","colorValue":"hsl(21, 90.2%, 48.2%)"},{"colorName":"700","colorValue":"hsl(17, 88.3%, 40.4%)"},{"colorName":"800","colorValue":"hsl(15, 79.1%, 33.7%)"},{"colorName":"900","colorValue":"hsl(15, 74.6%, 27.8%)"}]},{"name":"amber","colors":[{"colorName":"50","colorValue":"hsl(48, 100%, 96.1%)"},{"colorName":"100","colorValue":"hsl(48, 96.5%, 88.8%)"},{"colorName":"200","colorValue":"hsl(48, 96.6%, 76.7%)"},{"colorName":"300","colorValue":"hsl(46, 96.7%, 64.5%)"},{"colorName":"400","colorValue":"hsl(43, 96.4%, 56.3%)"},{"colorName":"500","colorValue":"hsl(38, 92.1%, 50.2%)"},{"colorName":"600","colorValue":"hsl(32, 94.6%, 43.7%)"},{"colorName":"700","colorValue":"hsl(26, 90.5%, 37.1%)"},{"colorName":"800","colorValue":"hsl(23, 82.5%, 31.4%)"},{"colorName":"900","colorValue":"hsl(22, 77.8%, 26.5%)"}]},{"name":"yellow","colors":[{"colorName":"50","colorValue":"hsl(55, 91.7%, 95.3%)"},{"colorName":"100","colorValue":"hsl(55, 96.7%, 88%)"},{"colorName":"200","colorValue":"hsl(53, 98.3%, 76.9%)"},{"colorName":"300","colorValue":"hsl(50, 97.8%, 63.5%)"},{"colorName":"400","colorValue":"hsl(48, 95.8%, 53.1%)"},{"colorName":"500","colorValue":"hsl(45, 93.4%, 47.5%)"},{"colorName":"600","colorValue":"hsl(41, 96.1%, 40.4%)"},{"colorName":"700","colorValue":"hsl(35, 91.7%, 32.9%)"},{"colorName":"800","colorValue":"hsl(32, 81%, 28.8%)"},{"colorName":"900","colorValue":"hsl(28, 72.5%, 25.7%)"}]},{"name":"lime","colors":[{"colorName":"50","colorValue":"hsl(78, 92%, 95.1%)"},{"colorName":"100","colorValue":"hsl(80, 89.1%, 89.2%)"},{"colorName":"200","colorValue":"hsl(81, 88.5%, 79.6%)"},{"colorName":"300","colorValue":"hsl(82, 84.5%, 67.1%)"},{"colorName":"400","colorValue":"hsl(83, 78%, 55.5%)"},{"colorName":"500","colorValue":"hsl(84, 80.5%, 44.3%)"},{"colorName":"600","colorValue":"hsl(85, 85.2%, 34.5%)"},{"colorName":"700","colorValue":"hsl(86, 78.4%, 27.3%)"},{"colorName":"800","colorValue":"hsl(86, 69%, 22.7%)"},{"colorName":"900","colorValue":"hsl(88, 61.2%, 20.2%)"}]},{"name":"green","colors":[{"colorName":"50","colorValue":"hsl(138, 76.5%, 96.7%)"},{"colorName":"100","colorValue":"hsl(141, 84.2%, 92.5%)"},{"colorName":"200","colorValue":"hsl(141, 78.9%, 85.1%)"},{"colorName":"300","colorValue":"hsl(142, 76.6%, 73.1%)"},{"colorName":"400","colorValue":"hsl(142, 69.2%, 58%)"},{"colorName":"500","colorValue":"hsl(142, 70.6%, 45.3%)"},{"colorName":"600","colorValue":"hsl(142, 76.2%, 36.3%)"},{"colorName":"700","colorValue":"hsl(142, 71.8%, 29.2%)"},{"colorName":"800","colorValue":"hsl(143, 64.2%, 24.1%)"},{"colorName":"900","colorValue":"hsl(144, 61.2%, 20.2%)"}]},{"name":"emerald","colors":[{"colorName":"50","colorValue":"hsl(152, 81%, 95.9%)"},{"colorName":"100","colorValue":"hsl(149, 80.4%, 90%)"},{"colorName":"200","colorValue":"hsl(152, 76%, 80.4%)"},{"colorName":"300","colorValue":"hsl(156, 71.6%, 66.9%)"},{"colorName":"400","colorValue":"hsl(158, 64.4%, 51.6%)"},{"colorName":"500","colorValue":"hsl(160, 84.1%, 39.4%)"},{"colorName":"600","colorValue":"hsl(161, 93.5%, 30.4%)"},{"colorName":"700","colorValue":"hsl(163, 93.5%, 24.3%)"},{"colorName":"800","colorValue":"hsl(163, 88.1%, 19.8%)"},{"colorName":"900","colorValue":"hsl(164, 85.7%, 16.5%)"}]},{"name":"teal","colors":[{"colorName":"50","colorValue":"hsl(166, 76.5%, 96.7%)"},{"colorName":"100","colorValue":"hsl(167, 85.5%, 89.2%)"},{"colorName":"200","colorValue":"hsl(168, 83.8%, 78.2%)"},{"colorName":"300","colorValue":"hsl(171, 76.9%, 64.3%)"},{"colorName":"400","colorValue":"hsl(172, 66%, 50.4%)"},{"colorName":"500","colorValue":"hsl(173, 80.4%, 40%)"},{"colorName":"600","colorValue":"hsl(175, 83.9%, 31.6%)"},{"colorName":"700","colorValue":"hsl(175, 77.4%, 26.1%)"},{"colorName":"800","colorValue":"hsl(176, 69.4%, 21.8%)"},{"colorName":"900","colorValue":"hsl(176, 60.8%, 19%)"}]},{"name":"cyan","colors":[{"colorName":"50","colorValue":"hsl(183, 100%, 96.3%)"},{"colorName":"100","colorValue":"hsl(185, 95.9%, 90.4%)"},{"colorName":"200","colorValue":"hsl(186, 93.5%, 81.8%)"},{"colorName":"300","colorValue":"hsl(187, 92.4%, 69%)"},{"colorName":"400","colorValue":"hsl(188, 85.7%, 53.3%)"},{"colorName":"500","colorValue":"hsl(189, 94.5%, 42.7%)"},{"colorName":"600","colorValue":"hsl(192, 91.4%, 36.5%)"},{"colorName":"700","colorValue":"hsl(193, 82.3%, 31%)"},{"colorName":"800","colorValue":"hsl(194, 69.6%, 27.1%)"},{"colorName":"900","colorValue":"hsl(196, 63.6%, 23.7%)"}]},{"name":"sky","colors":[{"colorName":"50","colorValue":"hsl(204, 100%, 97.1%)"},{"colorName":"100","colorValue":"hsl(204, 93.8%, 93.7%)"},{"colorName":"200","colorValue":"hsl(201, 94.4%, 86.1%)"},{"colorName":"300","colorValue":"hsl(199, 95.5%, 73.9%)"},{"colorName":"400","colorValue":"hsl(198, 93.2%, 59.6%)"},{"colorName":"500","colorValue":"hsl(199, 88.7%, 48.4%)"},{"colorName":"600","colorValue":"hsl(200, 98%, 39.4%)"},{"colorName":"700","colorValue":"hsl(201, 96.3%, 32.2%)"},{"colorName":"800","colorValue":"hsl(201, 90%, 27.5%)"},{"colorName":"900","colorValue":"hsl(202, 80.3%, 23.9%)"}]},{"name":"blue","colors":[{"colorName":"50","colorValue":"hsl(214, 100%, 96.9%)"},{"colorName":"100","colorValue":"hsl(214, 94.6%, 92.7%)"},{"colorName":"200","colorValue":"hsl(213, 96.9%, 87.3%)"},{"colorName":"300","colorValue":"hsl(212, 96.4%, 78.4%)"},{"colorName":"400","colorValue":"hsl(213, 93.9%, 67.8%)"},{"colorName":"500","colorValue":"hsl(217, 91.2%, 59.8%)"},{"colorName":"600","colorValue":"hsl(221, 83.2%, 53.3%)"},{"colorName":"700","colorValue":"hsl(224, 76.3%, 48%)"},{"colorName":"800","colorValue":"hsl(226, 70.7%, 40.2%)"},{"colorName":"900","colorValue":"hsl(224, 64.3%, 32.9%)"}]},{"name":"indigo","colors":[{"colorName":"50","colorValue":"hsl(226, 100%, 96.7%)"},{"colorName":"100","colorValue":"hsl(226, 100%, 93.9%)"},{"colorName":"200","colorValue":"hsl(228, 96.5%, 88.8%)"},{"colorName":"300","colorValue":"hsl(230, 93.5%, 81.8%)"},{"colorName":"400","colorValue":"hsl(234, 89.5%, 73.9%)"},{"colorName":"500","colorValue":"hsl(239, 83.5%, 66.7%)"},{"colorName":"600","colorValue":"hsl(243, 75.4%, 58.6%)"},{"colorName":"700","colorValue":"hsl(245, 57.9%, 50.6%)"},{"colorName":"800","colorValue":"hsl(244, 54.5%, 41.4%)"},{"colorName":"900","colorValue":"hsl(242, 47.4%, 34.3%)"}]},{"name":"violet","colors":[{"colorName":"50","colorValue":"hsl(250, 100%, 97.6%)"},{"colorName":"100","colorValue":"hsl(251, 91.3%, 95.5%)"},{"colorName":"200","colorValue":"hsl(251, 95.2%, 91.8%)"},{"colorName":"300","colorValue":"hsl(252, 94.7%, 85.1%)"},{"colorName":"400","colorValue":"hsl(255, 91.7%, 76.3%)"},{"colorName":"500","colorValue":"hsl(258, 89.5%, 66.3%)"},{"colorName":"600","colorValue":"hsl(262, 83.3%, 57.8%)"},{"colorName":"700","colorValue":"hsl(263, 70%, 50.4%)"},{"colorName":"800","colorValue":"hsl(263, 69.3%, 42.2%)"},{"colorName":"900","colorValue":"hsl(264, 67.4%, 34.9%)"}]},{"name":"purple","colors":[{"colorName":"50","colorValue":"hsl(270, 100%, 98%)"},{"colorName":"100","colorValue":"hsl(269, 100%, 95.5%)"},{"colorName":"200","colorValue":"hsl(269, 100%, 91.8%)"},{"colorName":"300","colorValue":"hsl(269, 97.4%, 85.1%)"},{"colorName":"400","colorValue":"hsl(270, 95.2%, 75.3%)"},{"colorName":"500","colorValue":"hsl(271, 91%, 65.1%)"},{"colorName":"600","colorValue":"hsl(271, 81.3%, 55.9%)"},{"colorName":"700","colorValue":"hsl(272, 71.7%, 47.1%)"},{"colorName":"800","colorValue":"hsl(273, 67.2%, 39.4%)"},{"colorName":"900","colorValue":"hsl(274, 65.6%, 32%)"}]},{"name":"fuchsia","colors":[{"colorName":"50","colorValue":"hsl(289, 100%, 97.8%)"},{"colorName":"100","colorValue":"hsl(287, 100%, 95.5%)"},{"colorName":"200","colorValue":"hsl(288, 95.8%, 90.6%)"},{"colorName":"300","colorValue":"hsl(291, 93.1%, 82.9%)"},{"colorName":"400","colorValue":"hsl(292, 91.4%, 72.5%)"},{"colorName":"500","colorValue":"hsl(292, 84.1%, 60.6%)"},{"colorName":"600","colorValue":"hsl(293, 69.5%, 48.8%)"},{"colorName":"700","colorValue":"hsl(295, 72.4%, 39.8%)"},{"colorName":"800","colorValue":"hsl(295, 70.2%, 32.9%)"},{"colorName":"900","colorValue":"hsl(297, 63.6%, 28%)"}]},{"name":"pink","colors":[{"colorName":"50","colorValue":"hsl(327, 73.3%, 97.1%)"},{"colorName":"100","colorValue":"hsl(326, 77.8%, 94.7%)"},{"colorName":"200","colorValue":"hsl(326, 84.6%, 89.8%)"},{"colorName":"300","colorValue":"hsl(327, 87.1%, 81.8%)"},{"colorName":"400","colorValue":"hsl(329, 85.5%, 70.2%)"},{"colorName":"500","colorValue":"hsl(330, 81.2%, 60.4%)"},{"colorName":"600","colorValue":"hsl(333, 71.4%, 50.6%)"},{"colorName":"700","colorValue":"hsl(335, 77.6%, 42%)"},{"colorName":"800","colorValue":"hsl(336, 74.4%, 35.3%)"},{"colorName":"900","colorValue":"hsl(336, 69%, 30.4%)"}]},{"name":"rose","colors":[{"colorName":"50","colorValue":"hsl(356, 100%, 97.3%)"},{"colorName":"100","colorValue":"hsl(356, 100%, 94.7%)"},{"colorName":"200","colorValue":"hsl(353, 96.1%, 90%)"},{"colorName":"300","colorValue":"hsl(353, 95.7%, 81.8%)"},{"colorName":"400","colorValue":"hsl(351, 94.5%, 71.4%)"},{"colorName":"500","colorValue":"hsl(350, 89.2%, 60.2%)"},{"colorName":"600","colorValue":"hsl(347, 77.2%, 49.8%)"},{"colorName":"700","colorValue":"hsl(345, 82.7%, 40.8%)"},{"colorName":"800","colorValue":"hsl(343, 79.7%, 34.7%)"},{"colorName":"900","colorValue":"hsl(342, 75.5%, 30.4%)"}]}]